model,test_roc_auc,test_pr_auc,test_brier,test_f2,threshold,tn,fp,fn,tp
XGBoost (tuned),0.8251913494631942,0.9359670626115244,0.16972199082374573,0.9299163179916318,0.21144524216651917,90,183,38,889
