model,roc_auc,pr_auc,precision_pos,recall_pos,tp,fp,tn,fn
Logistic Regression,0.8311936176013847,0.9372488865598628,0.9212707182320442,0.7195253505933118,667,57,216,260
Gradient Boosting,0.8247566888343588,0.935470771453082,0.8386783284742468,0.9309600862998921,863,166,107,64
XGBoost (recommended),0.8115509086382873,0.9329552279777567,0.8955414012738854,0.7583603020496225,703,82,191,224
Random Forest,0.8080400361953759,0.9303061166062526,0.8279467680608364,0.9395900755124056,871,181,92,56
