model,roc_auc,pr_auc,tp,fp,tn,fn,precision_pos,recall_pos
Logistic Regression,0.8559104811105477,0.9477385869467266,883,176,96,45,0.833805476864967,0.9515086206896551
Random Forest,0.8280754785750506,0.9398638143983874,860,171,101,68,0.8341416100872939,0.9267241379310345
Gradient Boosting,0.8460973155425964,0.9448202131422728,861,157,115,67,0.8457760314341847,0.927801724137931
