model,roc_auc,pr_auc,precision_pos,recall_pos,tp,fp,tn,fn
Logistic Regression,0.8579903809584177,0.9484710406476853,0.9380053908355795,0.75,696,46,226,232
Gradient Boosting,0.8460973155425964,0.9448202131422728,0.8457760314341847,0.927801724137931,861,157,115,67
XGBoost (recommended),0.8366803213742394,0.9436710409516486,0.9071518193224593,0.7790948275862069,723,74,198,205
Random Forest,0.8295175424695741,0.9436741251075977,0.8346228239845261,0.9299568965517241,863,171,101,65
