model,roc_auc,pr_auc,tp,fp,tn,fn,precision_pos,recall_pos
Logistic Regression,0.830608801482588,0.9368948850960062,887,188,85,40,0.8251162790697675,0.9568500539374326
Random Forest,0.8068526223866029,0.9292491472221392,867,184,89,60,0.8249286393910561,0.9352750809061489
Gradient Boosting,0.8247566888343588,0.935470771453082,863,166,107,64,0.8386783284742468,0.9309600862998921
