model,test_roc_auc,test_pr_auc,test_brier,test_f2,threshold,tn,fp,fn,tp
Logistic Regression (tuned),0.8299410046982862,0.9370646421717862,0.1706476784157524,0.9347735770668882,0.1971922085024463,67,206,27,900
XGBoost v2 (tuned + isotonic),0.8266118994274334,0.937329424071565,0.13042415776708838,0.936271466997724,0.35698779821395876,53,220,22,905
XGBoost v1 (tuned),0.8251913494631942,0.9359670626115244,0.16972199082374573,0.9299163179916318,0.21144524216651917,90,183,38,889
